SourceID,Citation,Geographic_scope,Title,Author1,Author 2,Year,Publisher,Link
1,"Green, E.P. and Short, F.T. (2003). World Atlas of Seagrasses. UNEP-WCMC, University of California Press.",Global,World Atlas of Seagrasses,"Green, E.P.","Short, F.T.",2003,"UNEP-WCMC, University of California Press",
2,"Telesca, L. et al. (2015). Seagrass meadows (Posidonia oceanica) distribution and trajectories of change. Nature Scientific Reports 5. Available at: https://www.nature.com/articles/srep12505",Mediterranean,Seagrass meadows (Posidonia oceanica) distribution and trajectories of change,"Telesca, L.",et al.,2015,Nature Scientific Reports 5,https://www.nature.com/articles/srep12505
3,"Score, A. (2017). Rapid Vulnerability Assessment and Adaptation Strategies for the National Marine Sanctuary and Territory of American Samoa. EcoAdapt, Bainbridge Island, WA. Available at: https://www.cakex.org/sites/default/files/documents/American%20Samoa%20VAAS%20Report%204.5.17.pdf",American Samoa,Rapid Vulnerability Assessment and Adaptation Strategies for the National Marine Sanctuary and Territory of American Samoa,"Score, A.",,2017,"EcoAdapt, Bainbridge Island, WA",https://www.cakex.org/sites/default/files/documents/American%20Samoa%20VAAS%20Report%204.5.17.pdf
4,"Skelton, P.A. (2003). Seaweeds of American Samoa. International Ocean Institute. Available at: http://www.botany.hawaii.edu/basch/uhnpscesu/pdfs/sam/Skelton2003SeaweedsAS.pdf",American Samoa,Seaweeds of American Samoa,"Skelton, P.A.",,2003,International Ocean Institute,http://www.botany.hawaii.edu/basch/uhnpscesu/pdfs/sam/Skelton2003SeaweedsAS.pdf
5,"Hemminga, M. A. and Duarte, C. M. (2000). Seagrass ecology. Cambridge University Press, Nature. Available at: https://books.google.co.uk/books?hl=en&lr=&id=uet0dSgzhrsC&oi=fnd&pg=PP1&dq=seagrass+antarctica&ots=vFacqOv3Rn&sig=F91ZH5-nSgDQZf5C8Chu1tM0CWE#v=onepage&q=antarctic&f=false",Global,Seagrass ecology,"Hemminga, M. A.","Duarte, C. M.",2000,"Cambridge University Press, Nature",https://books.google.co.uk/books?hl=en&lr=&id=uet0dSgzhrsC&oi=fnd&pg=PP1&dq=seagrass+antarctica&ots=vFacqOv3Rn&sig=F91ZH5-nSgDQZf5C8Chu1tM0CWE#v=onepage&q=antarctic&f=false
6, (). Regional State of the Coast Report: Western Indian Ocean. . Available at: https://dx.doi.org/10.18356/24683d55-en,Western Indian Ocean,Regional State of the Coast Report: Western Indian Ocean,,,,,https://dx.doi.org/10.18356/24683d55-en
7,"UNEP-WCMC and Short, F.T. (2018). Global distribution of seagrasses. UNEP. Available at: https://data.unep-wcmc.org/datasets/7",Global,Global distribution of seagrasses,UNEP-WCMC,"Short, F.T.",2018,UNEP,https://data.unep-wcmc.org/datasets/7
8,"Price, A.G. et al. (2000). Environmental and bioeconomic characterisation of coastal and marine systems of Cameroon, including risk implications of the Chad-Cameroon pipeline project. Aquatic Ecosystem Health & Management. Available at: https://www.tandfonline.com/doi/pdf/10.1080/14634980008656996?casa_token=TfrKn9nQfyMAAAAA:s5bKnDV6xykVWpXxo0h75BMA4EyoAAz_tmFSqvk8AO0mHjq51qOl0O5UF7_zKwFcYU9d0HfC_SGDxQ","Cameroon, Chad","Environmental and bioeconomic characterisation of coastal and marine systems of Cameroon, including risk implications of the Chad-Cameroon pipeline project","Price, A.G.",et al.,2000,Aquatic Ecosystem Health & Management,https://www.tandfonline.com/doi/pdf/10.1080/14634980008656996?casa_token=TfrKn9nQfyMAAAAA:s5bKnDV6xykVWpXxo0h75BMA4EyoAAz_tmFSqvk8AO0mHjq51qOl0O5UF7_zKwFcYU9d0HfC_SGDxQ
9,"Marino, J.J. and Mendoza, M.D. (2018). Composition and abundance of decapod crustaceans in mixed seagrass meadows in the Paraguana Peninsula, Venezuela. Iheringia. Serie Zoologia. Available at: http://www.scielo.br/scielo.php?pid=S0073-47212018000100204&script=sci_arttext",Venezuela,"Composition and abundance of decapod crustaceans in mixed seagrass meadows in the Paraguana Peninsula, Venezuela","Marino, J.J.","Mendoza, M.D.",2018,Iheringia. Serie Zoologia.,http://www.scielo.br/scielo.php?pid=S0073-47212018000100204&script=sci_arttext
10,"Stankovic, M.M. et al. (2017). Carbon Content in Different Seagrass Species in Andaman Coast of Thailand. Sains Malaysiana. Available at: http://www.ukm.my/jsm/pdf_files/SM-PDF-46-9-2017/12%20Milica%20Stankovic.pdf",Thailand,Carbon Content in Different Seagrass Species in Andaman Coast of Thailand,"Stankovic, M.M.",et al.,2017,Sains Malaysiana,http://www.ukm.my/jsm/pdf_files/SM-PDF-46-9-2017/12%20Milica%20Stankovic.pdf
11,"Bostroem, C. and Bonsdorff, E. (2000). Zoobenthic community establishment and habitat complexity - the importance of seagrass shoot densitiy, morphology and physical disturbance for faunal recruitement. Marine Ecology Progress Series. Available at: https://www.int-res.com/articles/meps/205/m205p123.pdf",Baltic Sea,"Zoobenthic community establishment and habitat complexity - the importance of seagrass shoot densitiy, morphology and physical disturbance for faunal recruitement","Bostroem, C.","Bonsdorff, E.",2000,Marine Ecology Progress Series,https://www.int-res.com/articles/meps/205/m205p123.pdf
12,"Baden, S.P. and Bostroem, C. (2001). The Leaf Canopy of Seagrass Beds: Faunal Community Structure and Function in a Salinity Gradient Along the Swedish Coast. Ecological Studies, Vol. 151. K. Reise (ed.) Ecological Comparisons of Sedimentary Shores. Available at: https://www.researchgate.net/profile/Susanne_Baden/publication/226307428_The_Leaf_Canopy_of_Seagrass_Beds_Faunal_Community_Structure_and_Function_in_a_Salinity_Gradient_Along_the_Swedish_Coast/links/565effe208aefe619b2785e2.pdf",Sweden,The Leaf Canopy of Seagrass Beds: Faunal Community Structure and Function in a Salinity Gradient Along the Swedish Coast,"Baden, S.P.","Bostroem, C.",2001,"Ecological Studies, Vol. 151. K. Reise (ed.) Ecological Comparisons of Sedimentary Shores",https://www.researchgate.net/profile/Susanne_Baden/publication/226307428_The_Leaf_Canopy_of_Seagrass_Beds_Faunal_Community_Structure_and_Function_in_a_Salinity_Gradient_Along_the_Swedish_Coast/links/565effe208aefe619b2785e2.pdf
13,"Grol, M. et al. (2008). Mangroves and seagrass beds do not enhance growth of early juveniles of a coral reef fish. Marine Ecology Progress Series. Available at: https://www.int-res.com/articles/meps2008/366/m366p137.pdf",Caribbean,Mangroves and seagrass beds do not enhance growth of early juveniles of a coral reef fish,"Grol, M.",et al.,2008,Marine Ecology Progress Series,https://www.int-res.com/articles/meps2008/366/m366p137.pdf
14,"Hobbs, J.A. et al. (2010). New records of marine fishes illustrate the biogeographic importance of Christmas Island, Indian Ocean. Zootaxa, Magnolia Press. Available at: https://s3.amazonaws.com/academia.edu.documents/42684636/New_records_of_marine_fishes_illustrate_20160214-15715-1l4pzvy.pdf?response-content-disposition=inline%3B%20filename%3DNew_records_of_marine_fishes_illustrate.pdf&X-Amz-Algorithm=AWS4-HMAC-SHA256&X-Amz-Credential=AKIAIWOWYYGZ2Y53UL3A%2F20190726%2Fus-east-1%2Fs3%2Faws4_request&X-Amz-Date=20190726T095517Z&X-Amz-Expires=3600&X-Amz-SignedHeaders=host&X-Amz-Signature=77dbc535c054b1a83fcf25e57f88605ff61c123fc61fa0e70e0151b3a4883871",Indian Ocean,"New records of marine fishes illustrate the biogeographic importance of Christmas Island, Indian Ocean","Hobbs, J.A.",et al.,2010,"Zootaxa, Magnolia Press",https://s3.amazonaws.com/academia.edu.documents/42684636/New_records_of_marine_fishes_illustrate_20160214-15715-1l4pzvy.pdf?response-content-disposition=inline%3B%20filename%3DNew_records_of_marine_fishes_illustrate.pdf&X-Amz-Algorithm=AWS4-HMAC-SHA256&X-Amz-Credential=AKIAIWOWYYGZ2Y53UL3A%2F20190726%2Fus-east-1%2Fs3%2Faws4_request&X-Amz-Date=20190726T095517Z&X-Amz-Expires=3600&X-Amz-SignedHeaders=host&X-Amz-Signature=77dbc535c054b1a83fcf25e57f88605ff61c123fc61fa0e70e0151b3a4883871
15,"Hui, T.H. et al. (2014). Christmas Island and Pulu Keeling Expeditions 2010 to 2012: field work and locality records. Raffles Bulletin of Zoology. Available at: https://www.researchgate.net/profile/Heok_Tan/publication/270280689_Christmas_Island_and_Pulu_Keeling_Expeditions_2010_to_2012_field_work_and_locality_records/links/54a65be40cf257a63608f043.pdf",Christmas Island,Christmas Island and Pulu Keeling Expeditions 2010 to 2012: field work and locality records,"Hui, T.H.",et al.,2014,Raffles Bulletin of Zoology,https://www.researchgate.net/profile/Heok_Tan/publication/270280689_Christmas_Island_and_Pulu_Keeling_Expeditions_2010_to_2012_field_work_and_locality_records/links/54a65be40cf257a63608f043.pdf
16,"Williams, D.G. (1994). Marine habitats of the Cocos (Keeling) Islands. National Museum of Natural History, Washington D.C., USA. Available at: https://repository.si.edu/bitstream/handle/10088/5931/00406.pdf",Cocos (Keeling) Island,Marine habitats of the Cocos (Keeling) Islands,"Williams, D.G.",,1994,"National Museum of Natural History, Washington D.C., USA",https://repository.si.edu/bitstream/handle/10088/5931/00406.pdf
17,"Ellison, J.C. (2009). Wetlands of the Pacific Island region. Wetlands Ecology Management. Available at: https://link.springer.com/content/pdf/10.1007%2Fs11273-008-9097-3.pdf",Pacific,Wetlands of the Pacific Island region,"Ellison, J.C.",,2009,Wetlands Ecology Management,https://link.springer.com/content/pdf/10.1007%2Fs11273-008-9097-3.pdf
18,"N'Yeurt, A.R. and Payri, C. E. (2004). A preliminary annotated checklist of the marine algae and seagrasses of the Wallis Islands (French Overseas Territory of Wallis and Futuna), South Pacific. Australian Systematic Botany. Available at: https://www.publish.csiro.au/SB/SB03027",Wallis Island,"A preliminary annotated checklist of the marine algae and seagrasses of the Wallis Islands (French Overseas Territory of Wallis and Futuna), South Pacific","N'Yeurt, A.R.","Payri, C. E.",2004,Australian Systematic Botany,https://www.publish.csiro.au/SB/SB03027
19,"Hily, C. et al. (2010). Les Herbiers de Phanerogames marines de l'outre-mer francais. IFRECOR, Conservatoire du littoral. Available at: http://www.observatoire-eau-martinique.fr/les-outils/atoumo/pdf_frise/Atlas_herbiers_outre_mer_francais_IFRECOR____47_2010_2-web.pdf",French Overseas Territories,Les Herbiers de Phanerogames marines de l'outre-mer francais,"Hily, C.",et al.,2010,"IFRECOR, Conservatoire du littoral",http://www.observatoire-eau-martinique.fr/les-outils/atoumo/pdf_frise/Atlas_herbiers_outre_mer_francais_IFRECOR____47_2010_2-web.pdf
20,"Titley-O'Neil, C. P. et al. (2011). The Relationship between imposex and tributyltin (TBT) concentration in Strombus gigas from the British Virgin Islands. Bulletin of Marine Science. Available at: https://www.ingentaconnect.com/content/umrsmas/bullmar/2011/00000087/00000003/art00009?crawler=true&mimetype=application/pdf",British Virgin Islands,The Relationship between imposex and tributyltin (TBT) concentration in Strombus gigas from the British Virgin Islands,"Titley-O'Neil, C. P.",et al.,2011,Bulletin of Marine Science,https://www.ingentaconnect.com/content/umrsmas/bullmar/2011/00000087/00000003/art00009?crawler=true&mimetype=application/pdf
21,"Willette, D.A. and Ambrose, R. F. (2009). The distribution and expansion of the invasive segrass Halophila stipulacea in Dominica, West Indies, with a preliminary report from St. Lucia. Aquatic Botany. Available at: https://www.sciencedirect.com/science/article/pii/S0304377009000539","Dominica, St. Lucia","The distribution and expansion of the invasive segrass Halophila stipulacea in Dominica, West Indies, with a preliminary report from St. Lucia","Willette, D.A.","Ambrose, R. F.",2009,Aquatic Botany,https://www.sciencedirect.com/science/article/pii/S0304377009000539
22,"Steiner, S.C.C. et al. (2010). The distribution of seagrasses in Dominica, Lesser Antilles. Revista de Biologia Tropical. Available at: https://www.scielo.sa.cr/scielo.php?script=sci_arttext&pid=S0034-77442010000700009",Dominica,"The distribution of seagrasses in Dominica, Lesser Antilles","Steiner, S.C.C.",et al.,2010,Revista de Biologia Tropical,https://www.scielo.sa.cr/scielo.php?script=sci_arttext&pid=S0034-77442010000700009
23,"Almada-Villela, P. et al. (2002). Status of Coral Reefs of Mesoamerica - Mexico, Belize, Guatemala, Honduras, Nicaragua and El Salvador. Status of coral reefs of the World. Available at: https://www.researchgate.net/profile/Melanie_Mcfield/publication/238328086_State_of_the_Coastal_Zone_report/links/5517602b0cf2d70ee2779294.pdf",Mesoamerica,"Status of Coral Reefs of Mesoamerica - Mexico, Belize, Guatemala, Honduras, Nicaragua and El Salvador","Almada-Villela, P.",et al.,2002,Status of coral reefs of the World,https://www.researchgate.net/profile/Melanie_Mcfield/publication/238328086_State_of_the_Coastal_Zone_report/links/5517602b0cf2d70ee2779294.pdf
24,"Cortes, J. (2007). Chapter 7: Coastal morphology and coral reefs. CRC Press; Central America: Geology, Resources and Hazards; Bundschuh & Alvarado (eds). Available at: https://www.researchgate.net/profile/Jorge_Cortes2/publication/287645775_Coastal_morphology_and_coral_reefs/links/56784f2408aebcdda0ebd249.pdf",Central America,Chapter 7: Coastal morphology and coral reefs,"Cortes, J.",,2007,"CRC Press; Central America: Geology, Resources and Hazards; Bundschuh & Alvarado (eds)",https://www.researchgate.net/profile/Jorge_Cortes2/publication/287645775_Coastal_morphology_and_coral_reefs/links/56784f2408aebcdda0ebd249.pdf
25,"Githaiga, M.N. et al. (2016). Biomass and productivity of seagrasses in Africa. Botanica Marina. Available at: https://www.researchgate.net/profile/Jorge_Cortes2/publication/287645775_Coastal_morphology_and_coral_reefs/links/56784f2408aebcdda0ebd249.pdf",Africa,Biomass and productivity of seagrasses in Africa,"Githaiga, M.N.",et al.,2016,Botanica Marina,https://www.researchgate.net/profile/Jorge_Cortes2/publication/287645775_Coastal_morphology_and_coral_reefs/links/56784f2408aebcdda0ebd249.pdf
26,"Bull, J.C. et al. (2010). Recent los of Gibraltar seagrasses. Botanica Marina. Available at: https://www.researchgate.net/profile/James_Bull4/publication/257420930_Recent_loss_of_Gibraltar_seagrasses/links/5bb1edfca6fdccd3cb80afc6/Recent-loss-of-Gibraltar-seagrasses.pdf",Gibraltar,Recent los of Gibraltar seagrasses,"Bull, J.C.",et al.,2010,Botanica Marina,https://www.researchgate.net/profile/James_Bull4/publication/257420930_Recent_loss_of_Gibraltar_seagrasses/links/5bb1edfca6fdccd3cb80afc6/Recent-loss-of-Gibraltar-seagrasses.pdf
27,"Sheehan, E.V. et al. (2013). Epibenthic Assessment of a Renewable Tidal Energy Site. Hindawi Publishing Corporation, The Scientific World Journal. Available at: https://www.scienceopen.com/document_file/64706201-07ca-4ba2-b4f8-aa45210634da/PubMedCentral/64706201-07ca-4ba2-b4f8-aa45210634da.pdf",Guernsey,Epibenthic Assessment of a Renewable Tidal Energy Site,"Sheehan, E.V.",et al.,2013,"Hindawi Publishing Corporation, The Scientific World Journal",https://www.scienceopen.com/document_file/64706201-07ca-4ba2-b4f8-aa45210634da/PubMedCentral/64706201-07ca-4ba2-b4f8-aa45210634da.pdf
28,GRID-Arendal (2019). ResilienSEA. GRID-Arendal. Available at: https://resiliensea.org/,Africa,ResilienSEA,GRID-Arendal,,2019,GRID-Arendal,https://resiliensea.org/
29,"Jones, B. L. and Unsworth, R. K. F. (2015). The perilous state of seagrass in the British Isles. Royal society open science. Available at: https://royalsocietypublishing.org/doi/pdf/10.1098/rsos.150596",British Isles,The perilous state of seagrass in the British Isles,"Jones, B. L.","Unsworth, R. K. F.",2015,Royal society open science,https://royalsocietypublishing.org/doi/pdf/10.1098/rsos.150596
30,"Jackson, E.L. et al. (2006). Seagrass complexity hierarchies: influence on fish groups around the coast of Jersey (English Channel). Journal of Experimental Marine Biology and Ecology. Available at: https://www.sciencedirect.com/science/article/pii/S0022098105005988",Jersey,Seagrass complexity hierarchies: influence on fish groups around the coast of Jersey (English Channel),"Jackson, E.L.",et al.,2006,Journal of Experimental Marine Biology and Ecology,https://www.sciencedirect.com/science/article/pii/S0022098105005988
31,"Macic, V. (2012). Characteristics of Posidonia oceanica Delile seagrass meadows in the Southeast Adriatic Sea of Montenegro. Biologia Serbica. Available at: https://ojs.pmf.uns.ac.rs/index.php/dbe_serbica/article/viewFile/1286/12","Adriatic Sea, Montenegro",Characteristics of Posidonia oceanica Delile seagrass meadows in the Southeast Adriatic Sea of Montenegro,"Macic, V.",,2012,Biologia Serbica,https://ojs.pmf.uns.ac.rs/index.php/dbe_serbica/article/viewFile/1286/12
32,"Antovic, N. M. and Antovic, I. (2010). Levels of 232Th activity in the South Adriatic Sea marine environment of Montenegro. J Radioanal Nucl Chem. Available at: https://link.springer.com/content/pdf/10.1007/s10967-010-0512-x.pdf","Adriatic Sea, Montenegro",Levels of 232Th activity in the South Adriatic Sea marine environment of Montenegro,"Antovic, N. M.","Antovic, I.",2010,J Radioanal Nucl Chem,https://link.springer.com/content/pdf/10.1007/s10967-010-0512-x.pdf
33,"Gell, F. and Watson, M. (2000). UK Overseas Territories in the Northeast Caribbean: Anguilla, British Virgin Islands, Montserrat. Seas at The Millenium: An Environmental Evaluation (edited by C Sheppard). Available at: http://pubs.iclarm.net/resource_centre/WF-1627.pdf",UK Overseas Territories,"UK Overseas Territories in the Northeast Caribbean: Anguilla, British Virgin Islands, Montserrat","Gell, F.","Watson, M.",2000,Seas at The Millenium: An Environmental Evaluation (edited by C Sheppard),http://pubs.iclarm.net/resource_centre/WF-1627.pdf
34,"Jacob, P. (2002). The status of marine resources and coral reefs of Nauru. Coral reefs in the Pacific: status and monitoring; resources and management. Available at: https://www.sprep.org/att/IRC/eCOPIES/Countries/Nauru/3.pdf",Nauru,The status of marine resources and coral reefs of Nauru,"Jacob, P.",,2002,Coral reefs in the Pacific: status and monitoring; resources and management,https://www.sprep.org/att/IRC/eCOPIES/Countries/Nauru/3.pdf
35,"Kolinski, S.P. et al. (2001). An assessment of the sea turtles and their marine and terrestrial habitats at Saipan, Commonwealth of the Northern Mariana Islands. Micronesica 24. Available at: https://micronesica.org/sites/default/files/6_kolinski_et_al.pdf",Northern Mariana Islands,"An assessment of the sea turtles and their marine and terrestrial habitats at Saipan, Commonwealth of the Northern Mariana Islands","Kolinski, S.P.",et al.,2001,Micronesica 24,https://micronesica.org/sites/default/files/6_kolinski_et_al.pdf
36,"Lee, S.Y. (1997). Annual cycle of biomass of a threatened population of the intertidal seagrass Zostera japonica in Hong Kong. Marine Biology. Available at: https://link.springer.com/content/pdf/10.1007/s002270050159.pdf",Hong Kong,Annual cycle of biomass of a threatened population of the intertidal seagrass Zostera japonica in Hong Kong,"Lee, S.Y.",,1997,Marine Biology,https://link.springer.com/content/pdf/10.1007/s002270050159.pdf
37,"Huang, X. et al. (2006). Main seagrass beds and threats to their habitats in the coastal sea of South China. Chinese Science Bulletin. Available at: https://link.springer.com/article/10.1007/s11434-006-9136-5",South China,Main seagrass beds and threats to their habitats in the coastal sea of South China,"Huang, X.",et al.,2006,Chinese Science Bulletin,https://link.springer.com/article/10.1007/s11434-006-9136-5
38,"Montoya, H. (2009). Algal and cyanobacterial saline biofilms of the Grande Coastal Lagoon, Lima, Peru. Natural Resources and Environmental Issues. Volume 15: Saline Lakes around the world: Unique systems with Unique Values. Available at: https://digitalcommons.usu.edu/cgi/viewcontent.cgi?article=1289&context=nrei",Peru,"Algal and cyanobacterial saline biofilms of the Grande Coastal Lagoon, Lima, Peru","Montoya, H.",,2009,Natural Resources and Environmental Issues. Volume 15: Saline Lakes around the world: Unique systems with Unique Values,https://digitalcommons.usu.edu/cgi/viewcontent.cgi?article=1289&context=nrei
39,"Jimenez, A. et al. (2017). Feeding ecology of the green turtle Chelonia mydas in Northern Peru. Latin American Journal of aquatic research. Available at: https://scielo.conicyt.cl/scielo.php?pid=S0718-560X2017000300008&script=sci_arttext&tlng=e",Peru,Feeding ecology of the green turtle Chelonia mydas in Northern Peru,"Jimenez, A.",et al.,2017,Latin American Journal of aquatic research,https://scielo.conicyt.cl/scielo.php?pid=S0718-560X2017000300008&script=sci_arttext&tlng=e
40,"Irving, R. and Dawson, T. (2013). Coral Reefs of the Pitcairn Islands. Coral Reefs of the United Kingdom Oversaeas Territories, Coral Reefs of the World 4. Available at: https://www.researchgate.net/profile/Robert_Irving2/publication/260655920_The_coral_reefs_of_the_Pitcairn_Islands/links/542059bf0cf203f155c58eca.pdf",Pitcairn Islands,Coral Reefs of the Pitcairn Islands,"Irving, R.","Dawson, T.",2013,"Coral Reefs of the United Kingdom Oversaeas Territories, Coral Reefs of the World 4",https://www.researchgate.net/profile/Robert_Irving2/publication/260655920_The_coral_reefs_of_the_Pitcairn_Islands/links/542059bf0cf203f155c58eca.pdf
41,"Long, B.G. and Skewes, T. D. (1993). An efficient method for estimating seagrass biomass. Aquatic Botany. Available at: https://www.sciencedirect.com/science/article/pii/0304377094900582",Australia,An efficient method for estimating seagrass biomass,"Long, B.G.","Skewes, T. D.",1993,Aquatic Botany,https://www.sciencedirect.com/science/article/pii/0304377094900582
42,"van Tussenbroek, B.I. et al. (2016). Non-native seagrass Halophila stipulacea forms dense mats under eutrophic conditions in the Caribbean. Journal of Sea Research. Available at: http://tjisse.van-der-heide.com/wp-content/uploads/2016/09/Van-Tussenbroek-et-al-Journal-of-Sea-Research-2016.pdf",Caribbean,Non-native seagrass Halophila stipulacea forms dense mats under eutrophic conditions in the Caribbean,"van Tussenbroek, B.I.",et al.,2016,Journal of Sea Research,http://tjisse.van-der-heide.com/wp-content/uploads/2016/09/Van-Tussenbroek-et-al-Journal-of-Sea-Research-2016.pdf
43,"Bervoets, T. (2013). Results of Nature Foundation Research into invasive seagrass H. Stipulacea in the Simpson Bay Lagoon. Nature Foundation. Available at: http://dcnanature.org/wp-content/uploads/reports/Bervoets-2013-H-stipulacea-report.pdf",St. Maarten,Results of Nature Foundation Research into invasive seagrass H. Stipulacea in the Simpson Bay Lagoon,"Bervoets, T.",,2013,Nature Foundation,http://dcnanature.org/wp-content/uploads/reports/Bervoets-2013-H-stipulacea-report.pdf
44,"Iranger, E. (1997). Caribbean Island states: Perils and prospects in a changing global environment. Journal of Coastal Research. Available at: https://www.jstor.org/stable/pdf/25736088.pdf?casa_token=De0MpnLKblAAAAAA:1ArD41-tT-5hzu-FTn5BKqTG57axc3bwfqtlqtAPjC0LM9Lt1qt6Cogjz9mMfWAXgwepAYpfIILanGYAwx6bshP6_GQSAm_sXMNKR61N6lLXQIVzdHce",Caribbean,Caribbean Island states: Perils and prospects in a changing global environment,"Iranger, E.",,1997,Journal of Coastal Research,https://www.jstor.org/stable/pdf/25736088.pdf?casa_token=De0MpnLKblAAAAAA:1ArD41-tT-5hzu-FTn5BKqTG57axc3bwfqtlqtAPjC0LM9Lt1qt6Cogjz9mMfWAXgwepAYpfIILanGYAwx6bshP6_GQSAm_sXMNKR61N6lLXQIVzdHce
45,"Kuo, Y.M. and Lin, H.J. (2010). Dynamic factor analysis of long-term growth trends of the intertidal seagrass Thalassia hemprichii in southern Taiwan. Estuarine, Coastal and Shelf Science. Available at: http://www.evergladeshub.com/lit/pdf10/Kuo'10EstCoastShelfSci-134-SeagrassTaiwan.pdf",Taiwan,Dynamic factor analysis of long-term growth trends of the intertidal seagrass Thalassia hemprichii in southern Taiwan,"Kuo, Y.M.","Lin, H.J.",2010,"Estuarine, Coastal and Shelf Science",http://www.evergladeshub.com/lit/pdf10/Kuo'10EstCoastShelfSci-134-SeagrassTaiwan.pdf
46,"Lin, H.J. and Hsieh, L.Y. (2005). Seagrasses of Tongsha Island, with descriptions of four new records to Taiwan. Botanical Bulletin of Academia Sinica. Available at: https://ejournal.sinica.edu.tw/bbas/content/2005/2/Bot462-10.html","Taiwan, Tongsha Island","Seagrasses of Tongsha Island, with descriptions of four new records to Taiwan","Lin, H.J.","Hsieh, L.Y.",2005,Botanical Bulletin of Academia Sinica,https://ejournal.sinica.edu.tw/bbas/content/2005/2/Bot462-10.html
47, et al. (2013). Ecoregional scale seagrass mapping: A tool to support resilient MPA network design in the Coral Triangle. Ocean & Coastal Management. Available at: https://www.sciencedirect.com/science/article/pii/S0964569113000951#fig2,Coral Triangle,Ecoregional scale seagrass mapping: A tool to support resilient MPA network design in the Coral Triangle,,et al.,2013,Ocean & Coastal Management,https://www.sciencedirect.com/science/article/pii/S0964569113000951#fig2
48,"Brodie, G. and De Ramon N'Yeurt, A. (2018). Effects of Climate Change on seagrasses and seagrass habitats relevant to the Pacific Islands. Pacific Marine climate change report card, Commonwealth Marine Economies Programme. Available at: https://www.researchgate.net/profile/Antoine_De_Ramon_NYeurt/publication/325642588_Effects_of_Climate_Change_on_Seagrasses_and_Seagrass_Habitats_Relevant_to_the_Pacific_Islands/links/5b19ea32a6fdcca67b660319/Effects-of-Climate-Change-on-Seagrasses-and-Seagrass-Habitats-Relevant-to-the-Pacific-Islands.pdf",Pacific,Effects of Climate Change on seagrasses and seagrass habitats relevant to the Pacific Islands,"Brodie, G.","De Ramon N'Yeurt, A.",2018,"Pacific Marine climate change report card, Commonwealth Marine Economies Programme",https://www.researchgate.net/profile/Antoine_De_Ramon_NYeurt/publication/325642588_Effects_of_Climate_Change_on_Seagrasses_and_Seagrass_Habitats_Relevant_to_the_Pacific_Islands/links/5b19ea32a6fdcca67b660319/Effects-of-Climate-Change-on-Seagrasses-and-Seagrass-Habitats-Relevant-to-the-Pacific-Islands.pdf
49,"Stoddart, D.R. (1992). Biogeography of the Tropicial Pacific. Pacific Science. Available at: https://scholarspace.manoa.hawaii.edu/bitstream/10125/727/v46n2-276-293.pdf",Tropical Pacific,Biogeography of the Tropicial Pacific,"Stoddart, D.R.",,1992,Pacific Science,https://scholarspace.manoa.hawaii.edu/bitstream/10125/727/v46n2-276-293.pdf
50,"Billah, M. et al. (2016). Saltmarsh and seagrass beds on the south-eastern coast of Bangladesh: vegetation characteristics and adjacent fisheries diversity. Zoology and Ecology. Available at: https://www.researchgate.net/profile/Md_Billah3/publication/307375053_Saltmarsh_and_seagrass_beds_on_the_south-eastern_coast_of_Bangladesh_vegetation_characteristics_and_adjacent_fisheries_diversity/links/59228928aca27295a8a648eb/Saltmarsh-and-seagrass-beds-on-the-south-eastern-coast-of-Bangladesh-vegetation-characteristics-and-adjacent-fisheries-diversity.pdf",Bangladesh,Saltmarsh and seagrass beds on the south-eastern coast of Bangladesh: vegetation characteristics and adjacent fisheries diversity,"Billah, M.",et al.,2016,Zoology and Ecology,https://www.researchgate.net/profile/Md_Billah3/publication/307375053_Saltmarsh_and_seagrass_beds_on_the_south-eastern_coast_of_Bangladesh_vegetation_characteristics_and_adjacent_fisheries_diversity/links/59228928aca27295a8a648eb/Saltmarsh-and-seagrass-beds-on-the-south-eastern-coast-of-Bangladesh-vegetation-characteristics-and-adjacent-fisheries-diversity.pdf
51,"Copertino, M.S. et al. (2016). Seagrass and submerged aquatic vegetation (VAS) Habitats off the coast of Brazil: state of knowledge, conservation and main threats. Brazilian Journal of Oceanography. Available at: http://www.scielo.br/pdf/bjoce/v64nspe2/1679-8759-bjoce-64-spe2-0053.pdf",Brazil,"Seagrass and submerged aquatic vegetation (VAS) Habitats off the coast of Brazil: state of knowledge, conservation and main threats","Copertino, M.S.",et al.,2016,Brazilian Journal of Oceanography,http://www.scielo.br/pdf/bjoce/v64nspe2/1679-8759-bjoce-64-spe2-0053.pdf
52,"Tyllianakis, E. et al. (2019). The value of information: Realising the economic benefits of mapping seagrass meadows in the British Virgin Islands. Science of The Total Environment. Available at: https://www.sciencedirect.com/science/article/pii/S0048969718337471",British Virgin Islands,The value of information: Realising the economic benefits of mapping seagrass meadows in the British Virgin Islands,"Tyllianakis, E.",et al.,2019,Science of The Total Environment,https://www.sciencedirect.com/science/article/pii/S0048969718337471
53,"Creed, J.C. et al. (2016). First record of seagrass in Cape Verde, eastern Atlantic. Marine Biodiversity Records. Available at: https://mbr.biomedcentral.com/articles/10.1186/s41200-016-0067-9",Cabo Verde,"First record of seagrass in Cape Verde, eastern Atlantic","Creed, J.C.",et al.,2016,Marine Biodiversity Records,https://mbr.biomedcentral.com/articles/10.1186/s41200-016-0067-9
54,"Nagel, E.J. et al. (2018). Nitroen loading rates for twenty-one seagrass inhabited bays in Nova Scotia, Canada. Canadian Technical Report of Fisheries and Aquatic Sciences. Available at: https://www.researchgate.net/profile/Elizabeth_Nagel/publication/325205902_Nitrogen_loading_rates_for_twenty-one_seagrass_inhabited_bays_in_Nova_Scotia_Canada/links/5afdcd64a6fdcc3a5ac459d6/Nitrogen-loading-rates-for-twenty-one-seagrass-inhabited-bays-in-Nova-Scotia-Canada.pdf",Canada,"Nitroen loading rates for twenty-one seagrass inhabited bays in Nova Scotia, Canada","Nagel, E.J.",et al.,2018,Canadian Technical Report of Fisheries and Aquatic Sciences,https://www.researchgate.net/profile/Elizabeth_Nagel/publication/325205902_Nitrogen_loading_rates_for_twenty-one_seagrass_inhabited_bays_in_Nova_Scotia_Canada/links/5afdcd64a6fdcc3a5ac459d6/Nitrogen-loading-rates-for-twenty-one-seagrass-inhabited-bays-in-Nova-Scotia-Canada.pdf
55,"Murcia, S. et al. (2018). An update on morphology and distribution of Ruppia filifolia (Philippi) Skottsberg in the Magellan region, southern Chile. Latin American Journal of aquatic research. Available at: https://scielo.conicyt.cl/scielo.php?pid=S0718-560X2018000100045&script=sci_arttext",Chile,"An update on morphology and distribution of Ruppia filifolia (Philippi) Skottsberg in the Magellan region, southern Chile","Murcia, S.",et al.,2018,Latin American Journal of aquatic research,https://scielo.conicyt.cl/scielo.php?pid=S0718-560X2018000100045&script=sci_arttext
56,"Jiang, Z. et al. (2017). Newly discovered seagrass beds and their potential for blue carbon in the coastal seas of Hainan Island, South China Sea. Marine Pollution Bulletin. Available at: https://www.researchgate.net/profile/Songlin_Liu7/publication/319127425_Newly_discovered_seagrass_beds_and_their_potential_for_blue_carbon_in_the_coastal_seas_of_Hainan_Island_South_China_Sea/links/59d9dd370f7e9b12b36d5fdf/Newly-discovered-seagrass-beds-and-their-potential-for-blue-carbon-in-the-coastal-seas-of-Hainan-Island-South-China-Sea.pdf",China,"Newly discovered seagrass beds and their potential for blue carbon in the coastal seas of Hainan Island, South China Sea","Jiang, Z.",et al.,2017,Marine Pollution Bulletin,https://www.researchgate.net/profile/Songlin_Liu7/publication/319127425_Newly_discovered_seagrass_beds_and_their_potential_for_blue_carbon_in_the_coastal_seas_of_Hainan_Island_South_China_Sea/links/59d9dd370f7e9b12b36d5fdf/Newly-discovered-seagrass-beds-and-their-potential-for-blue-carbon-in-the-coastal-seas-of-Hainan-Island-South-China-Sea.pdf
57,"Jahnke, M. et al. (2017). Potential and realized connectivity of the seagrass Posidonia oceanica and their implication for conservation. Diversity and Distributions. Available at: https://onlinelibrary.wiley.com/doi/pdf/10.1111/ddi.12633","Adriatic Sea, Mediterranean",Potential and realized connectivity of the seagrass Posidonia oceanica and their implication for conservation,"Jahnke, M.",et al.,2017,Diversity and Distributions,https://onlinelibrary.wiley.com/doi/pdf/10.1111/ddi.12633
58,"Mikissa, J.B. and Pambou, F. K. (2018). Biodiversity in Gabon: An Overview. Global Biodiversity Volume 3: Selected Countries in Africa. Edited by T. Pullaiah. Available at: https://books.google.co.uk/books?hl=en&lr=&id=fAF-DwAAQBAJ&oi=fnd&pg=PT65&dq=seagrass+gabon&ots=3Mb7u9Barp&sig=x4q46XaVlGybNRSNcoWKt0HZ7oo#v=onepage&q=seagrass%20gabon&f=false",Gabon,Biodiversity in Gabon: An Overview,"Mikissa, J.B.","Pambou, F. K.",2018,Global Biodiversity Volume 3: Selected Countries in Africa. Edited by T. Pullaiah,https://books.google.co.uk/books?hl=en&lr=&id=fAF-DwAAQBAJ&oi=fnd&pg=PT65&dq=seagrass+gabon&ots=3Mb7u9Barp&sig=x4q46XaVlGybNRSNcoWKt0HZ7oo#v=onepage&q=seagrass%20gabon&f=false
59,"de Graft-Johnson, K.A.A. et al. (2010). Biodiversity threats assessment for the Western region of Ghana. Integrated Coastal and Fisheries Governance Initiative Ghana. Available at: https://www.crc.uri.edu/download/GH2009ICM003_508.pdf",Ghana,Biodiversity threats assessment for the Western region of Ghana,"de Graft-Johnson, K.A.A.",et al.,2010,Integrated Coastal and Fisheries Governance Initiative Ghana,https://www.crc.uri.edu/download/GH2009ICM003_508.pdf
60,"Holon, F. et al. (2015). The impact of 85 years of coastal development on shallow seagrass beds (Posidonia oceanica L. (Delile)) in South Eastern France: A slow but steady loss without recovery. Estuarine, Coastal and Shelf Science. Available at: https://www.sciencedirect.com/science/article/pii/S0272771415001663",France,The impact of 85 years of coastal development on shallow seagrass beds (Posidonia oceanica L. (Delile)) in South Eastern France: A slow but steady loss without recovery,"Holon, F.",et al.,2015,"Estuarine, Coastal and Shelf Science",https://www.sciencedirect.com/science/article/pii/S0272771415001663
61,"Riaz, J.M. (1995). Zoogeography of Marine Gastropod in the Southern Caribbean: A New Look at Provinciality. Caribbean Journal of Science. Available at: https://www.researchgate.net/profile/Juan_Diaz31/publication/240789042_Zoogeography_of_Marine_Gastropod_in_the_Southern_Caribbean_A_New_Look_at_Provinciality/links/0c96051c71cf3a3510000000/Zoogeography-of-Marine-Gastropod-in-the-Southern-Caribbean-A-New-Look-at-Provinciality.pdf",Caribbean,Zoogeography of Marine Gastropod in the Southern Caribbean: A New Look at Provinciality,"Riaz, J.M.",,1995,Caribbean Journal of Science,https://www.researchgate.net/profile/Juan_Diaz31/publication/240789042_Zoogeography_of_Marine_Gastropod_in_the_Southern_Caribbean_A_New_Look_at_Provinciality/links/0c96051c71cf3a3510000000/Zoogeography-of-Marine-Gastropod-in-the-Southern-Caribbean-A-New-Look-at-Provinciality.pdf
62,"Asriani, N. et al. (2018). Species richness effects on the vegetative expansion of transplanted seagrass in Indonesia. Botanica Marina. Available at: https://www.degruyter.com/view/j/botm.2018.61.issue-3/bot-2017-0127/bot-2017-0127.xml",Indonesia,Species richness effects on the vegetative expansion of transplanted seagrass in Indonesia,"Asriani, N.",et al.,2018,Botanica Marina,https://www.degruyter.com/view/j/botm.2018.61.issue-3/bot-2017-0127/bot-2017-0127.xml
63,"Sharifinia, M.M. and Daliri, M. (2019). Chapter 4 - Estuaries and Coastal Zones in the Northern Persian Gulf (Iran). Coasts and Estuaries. Available at: https://www.sciencedirect.com/science/article/pii/B9780128140031000046",Iran,Chapter 4 - Estuaries and Coastal Zones in the Northern Persian Gulf (Iran),"Sharifinia, M.M.","Daliri, M.",2019,Coasts and Estuaries,https://www.sciencedirect.com/science/article/pii/B9780128140031000046
64,"Erftemeijer, P.L.A. and Shuail, D. A. (2012). Seagrass habitats in the Arabian Gulf: distribution, tolerance thresholds and threats. Aquatic Ecosystem Health & Management. Available at: https://www.tandfonline.com/doi/full/10.1080/14634988.2012.668479?casa_token=h3YjV2t_C1oAAAAA:7nFxZLbjgOrPWe5reNmzbdplzpB8vU5WUJj7GLXdqGqA2kGt4ZyQCRAPiqXraSNJ8GQsBd3HnZ68RI0",Arabian Gulf,"Seagrass habitats in the Arabian Gulf: distribution, tolerance thresholds and threats","Erftemeijer, P.L.A.","Shuail, D. A.",2012,Aquatic Ecosystem Health & Management,https://www.tandfonline.com/doi/full/10.1080/14634988.2012.668479?casa_token=h3YjV2t_C1oAAAAA:7nFxZLbjgOrPWe5reNmzbdplzpB8vU5WUJj7GLXdqGqA2kGt4ZyQCRAPiqXraSNJ8GQsBd3HnZ68RI0
65,"Tomas, J. et al. (2001). Post-nesting movements of the Green Turtle, Chelonia mydas, nesting in the South of Bioko Island, Equatorial Guinea, West Africa. Proceedings of the Twenty-first annual Symposium on sea turtle biology and conservation. Available at: https://repository.library.noaa.gov/view/noaa/3412/noaa_3412_DS1.pdf#page=354",Equatorial Guinea,"Post-nesting movements of the Green Turtle, Chelonia mydas, nesting in the South of Bioko Island, Equatorial Guinea, West Africa","Tomas, J.",et al.,2001,Proceedings of the Twenty-first annual Symposium on sea turtle biology and conservation,https://repository.library.noaa.gov/view/noaa/3412/noaa_3412_DS1.pdf#page=354
66,"Cunha, A.H. and Araujo, A. (2009). New distribution limits of seagrass beds in West Africa. Journal of Beiogeography. Available at: https://onlinelibrary.wiley.com/doi/pdf/10.1111/j.1365-2699.2009.02135.x?casa_token=YnJFMx9qwR4AAAAA:57mr6JRSi5aCXThvRH4PfO8sKKqZ7csoCSJ4RsVh680bqcbYXRdH0ir_AYweaiHDirArQhKfyYTxTIdL",Senegal,New distribution limits of seagrass beds in West Africa,"Cunha, A.H.","Araujo, A.",2009,Journal of Beiogeography,https://onlinelibrary.wiley.com/doi/pdf/10.1111/j.1365-2699.2009.02135.x?casa_token=YnJFMx9qwR4AAAAA:57mr6JRSi5aCXThvRH4PfO8sKKqZ7csoCSJ4RsVh680bqcbYXRdH0ir_AYweaiHDirArQhKfyYTxTIdL
67,"Gervaise, C. et al. (2018). Spatial mapping of the biophony of the fishes living in seagrass meadows. Journal of the Acoustical Society of America. Available at: https://asa.scitation.org/doi/abs/10.1121/1.5067518",France,Spatial mapping of the biophony of the fishes living in seagrass meadows,"Gervaise, C.",et al.,2018,Journal of the Acoustical Society of America,https://asa.scitation.org/doi/abs/10.1121/1.5067518
68,"Geevarghese, G.A. et al. (2018). A comprehensive geospatial assessment of seagrass distribution in India. Ocean & Coastal Management. Available at: https://www.researchgate.net/profile/Pandian_Krishnan/publication/321123010_A_comprehensive_geospatial_assessment_of_seagrass_distribution_in_India/links/5a6075d4aca272328103d055/A-comprehensive-geospatial-assessment-of-seagrass-distribution-in-India.pdf",India,A comprehensive geospatial assessment of seagrass distribution in India,"Geevarghese, G.A.",et al.,2018,Ocean & Coastal Management,https://www.researchgate.net/profile/Pandian_Krishnan/publication/321123010_A_comprehensive_geospatial_assessment_of_seagrass_distribution_in_India/links/5a6075d4aca272328103d055/A-comprehensive-geospatial-assessment-of-seagrass-distribution-in-India.pdf
69,"Wilkes, R. et al. (2017). Intertidal seagrass in Ireland: Pressures, WFD status, and an assessment of trace element contamination in intertidal habitats using Zostera noltei. Ecological Indicators. Available at: https://www.sciencedirect.com/science/article/pii/S1470160X17303783",Ireland,"Intertidal seagrass in Ireland: Pressures, WFD status, and an assessment of trace element contamination in intertidal habitats using Zostera noltei","Wilkes, R.",et al.,2017,Ecological Indicators,https://www.sciencedirect.com/science/article/pii/S1470160X17303783
70,"Yoshida, G. et al. (2018). Carbon sequestration by seagrass and macroalgae in Japan: Estimates and Future Needs. Blue Carbon in shallow coastal ecosystems. Available at: https://link.springer.com/chapter/10.1007/978-981-13-1295-3_4",Japan,Carbon sequestration by seagrass and macroalgae in Japan: Estimates and Future Needs,"Yoshida, G.",et al.,2018,Blue Carbon in shallow coastal ecosystems,https://link.springer.com/chapter/10.1007/978-981-13-1295-3_4
71,"Bujang, J.S. and Zakaria, M. H. (2018). Seagrass in Malaysia: Issues and Challenges ahead. The Wetland Book II: Distribution, Description and Conservation. Available at: https://link.springer.com/content/pdf/10.1007/978-94-007-4001-3_268.pdf",Malaysia,Seagrass in Malaysia: Issues and Challenges ahead,"Bujang, J.S.","Zakaria, M. H.",2018,"The Wetland Book II: Distribution, Description and Conservation",https://link.springer.com/content/pdf/10.1007/978-94-007-4001-3_268.pdf
72,"Jones, B L. and et al. (2018). Complex yet faune-deficient seagrass ecosystems at risk in southern Myanmar. Botanica Marina. Available at: https://www.degruyter.com/view/j/botm.2018.61.issue-3/bot-2017-0082/bot-2017-0082.xml",Myanmar,Complex yet faune-deficient seagrass ecosystems at risk in southern Myanmar,"Jones, B L.",et al.,2018,Botanica Marina,https://www.degruyter.com/view/j/botm.2018.61.issue-3/bot-2017-0082/bot-2017-0082.xml
73,"De Silva, K.H. W. L. and Amarasingh, M. D. (2007). Substrate characteristics and species diversity of marine angiosperms in a micro-tidal basin estuary on the west coast of Sri Lanka. Sri Lanka Journal of Aquatic Science. Available at: http://repository.kln.ac.lk/jspui/bitstream/123456789/8922/3/vol12.103-114.pdf",Sri Lanka,Substrate characteristics and species diversity of marine angiosperms in a micro-tidal basin estuary on the west coast of Sri Lanka,"De Silva, K.H. W. L.","Amarasingh, M. D.",2007,Sri Lanka Journal of Aquatic Science,http://repository.kln.ac.lk/jspui/bitstream/123456789/8922/3/vol12.103-114.pdf
74,"Baker, S. et al. (2015). An ecosystems perspectives for food security in the Caribbean: Seagrass meadows in the Turks and Caicos Islands. Ecosystem Services. Available at: https://www.sciencedirect.com/science/article/pii/S2212041614000825",Turks and Caicos Islands,An ecosystems perspectives for food security in the Caribbean: Seagrass meadows in the Turks and Caicos Islands,"Baker, S.",et al.,2015,Ecosystem Services,https://www.sciencedirect.com/science/article/pii/S2212041614000825
75,"Herr, D. and Landis, E. (2016). Coastal blue carbon ecosystems. Gland, Switzerland: IUCN. Available at: https://www.mangrovealliance.org/wp-content/uploads/2017/08/BC-NDCs_FINAL.pdf",Global,Coastal blue carbon ecosystems,"Herr, D.","Landis, E.",2016,"Gland, Switzerland: IUCN",https://www.mangrovealliance.org/wp-content/uploads/2017/08/BC-NDCs_FINAL.pdf
76,"Green, A. and Chadwick, M. A. (2018). Variability of UK seagrass sediment carbon: Implications for blue carbon estimates and marine conservation management. PLOS ONE.",UK,Variability of UK seagrass sediment carbon: Implications for blue carbon estimates and marine conservation management,"Green, A.","Chadwick, M. A.",2018,PLOS ONE,
77,"Spalding, M.D. and Ravilious, C. (2001). World Atlas of Coral Reefs. UNEP-WCMC.",Global,World Atlas of Coral Reefs,"Spalding, M.D.","Ravilious, C.",2001,UNEP-WCMC,
78,"Costa, M.J. and Santos, C. I. (2002). Comparative analysis of a temperate and a tropical seagrass bed fish assemblages in two estuarine systems: the Mira estuary (Portugal) and the Mussulo lagoon (Angola). Cah. Biol. Mar.. Available at: http://www.vliz.be/imisdocs/publications/289199.pdf","Portugal, Angola",Comparative analysis of a temperate and a tropical seagrass bed fish assemblages in two estuarine systems: the Mira estuary (Portugal) and the Mussulo lagoon (Angola),"Costa, M.J.","Santos, C. I.",2002,Cah. Biol. Mar.,http://www.vliz.be/imisdocs/publications/289199.pdf
79,"Samper-Villarreal, J. et al. (2017). Seagrass morphometrics at species level in Moreton Bay, Australia from 2012 to 2013. Nature. Available at: https://www.nature.com/articles/sdata201760",Australia,"Seagrass morphometrics at species level in Moreton Bay, Australia from 2012 to 2013","Samper-Villarreal, J.",et al.,2017,Nature,https://www.nature.com/articles/sdata201760
80,"Hall, M.O. et al. (2016). Recurrence of Thalassia testudinum seagrass die-off in Florida Bay, USA: initial ovservations. Marine Ecology Progress Series. Available at: https://www.int-res.com/abstracts/meps/v560/p243-249",USA,"Recurrence of Thalassia testudinum seagrass die-off in Florida Bay, USA: initial ovservations","Hall, M.O.",et al.,2016,Marine Ecology Progress Series,https://www.int-res.com/abstracts/meps/v560/p243-249
81,"Duarte, C.M. and Martinez, R. (2002). Biomass, production and rhizome growth near the northern limit of seagrass (Zostera marina) distribution. Aquatic Botany. Available at: https://www.sciencedirect.com/science/article/pii/S030437700100225X",Norway,"Biomass, production and rhizome growth near the northern limit of seagrass (Zostera marina) distribution","Duarte, C.M.","Martinez, R.",2002,Aquatic Botany,https://www.sciencedirect.com/science/article/pii/S030437700100225X
82,"Alfaro, A.C. (2006). Benthic macro-invertebrate community composition within a mangrove/seagrass estuary in northern New Zealand. Estuarine, Coastal and Shelf Science. Available at: https://www.sciencedirect.com/science/article/pii/S0272771405002726",New Zealand,Benthic macro-invertebrate community composition within a mangrove/seagrass estuary in northern New Zealand,"Alfaro, A.C.",,2006,"Estuarine, Coastal and Shelf Science",https://www.sciencedirect.com/science/article/pii/S0272771405002726
83,"Honda, K. et al. (2013). Habitat use by fishes in coral reefs, seagrass beds and mangrove habitats in the Philippines. PLOS ONE. Available at: https://journals.plos.org/plosone/article?id=10.1371/journal.pone.0065735",Philippines,"Habitat use by fishes in coral reefs, seagrass beds and mangrove habitats in the Philippines","Honda, K.",et al.,2013,PLOS ONE,https://journals.plos.org/plosone/article?id=10.1371/journal.pone.0065735
84,"Sarborne, A.R. et al. (2006). The Functional Value of Caribbean Coral Reef, Seagrass and Mangrove Habitats to Ecosystem Processes. Advances in Marine Biology. Available at: http://web.stanford.edu/group/MicheliLab/pdf/46-Harborneetal2006MarBio.pdf",Caribbean,"The Functional Value of Caribbean Coral Reef, Seagrass and Mangrove Habitats to Ecosystem Processes","Sarborne, A.R.",et al.,2006,Advances in Marine Biology,http://web.stanford.edu/group/MicheliLab/pdf/46-Harborneetal2006MarBio.pdf
85,"Krupp, F. et al. (2006). Zoological survey in the Red Sea coastal zone of Yemen. Fauna of Arabia. Available at: https://www.researchgate.net/profile/Friedhelm_Krupp/publication/287747725_Zoological_survey_in_the_Red_Sea_coastal_zone_of_Yemen/links/567b849d08ae1975838166b8/Zoological-survey-in-the-Red-Sea-coastal-zone-of-Yemen.pdf",Yemen,Zoological survey in the Red Sea coastal zone of Yemen,"Krupp, F.",et al.,2006,Fauna of Arabia,https://www.researchgate.net/profile/Friedhelm_Krupp/publication/287747725_Zoological_survey_in_the_Red_Sea_coastal_zone_of_Yemen/links/567b849d08ae1975838166b8/Zoological-survey-in-the-Red-Sea-coastal-zone-of-Yemen.pdf
86,"Luong, C.V. et al. (2012). Status and threats on seagrass beds using GIS in Vietnam. Remote Sensing of the Marine Environment II, edited by Robert J. Frouin. Available at: https://www.researchgate.net/profile/Cao_Luong/publication/258721152_Status_and_threats_on_seagrass_beds_using_GIS_in_Vietnam/links/0c960532d285f440e7000000.pdf",Vietnam,Status and threats on seagrass beds using GIS in Vietnam,"Luong, C.V.",et al.,2012,"Remote Sensing of the Marine Environment II, edited by Robert J. Frouin",https://www.researchgate.net/profile/Cao_Luong/publication/258721152_Status_and_threats_on_seagrass_beds_using_GIS_in_Vietnam/links/0c960532d285f440e7000000.pdf
87,"Milchakova, N.A. (1999). On the status of seagrass communities in the Black Sea. Aquatic Botany. Available at: https://www.sciencedirect.com/science/article/pii/S0304377099000285",Black Sea,On the status of seagrass communities in the Black Sea,"Milchakova, N.A.",,1999,Aquatic Botany,https://www.sciencedirect.com/science/article/pii/S0304377099000285
88,"Bilgin, S. and Suat Ates, A. (2007). The Brachyura (Decapoda) community of Zostera marina meadows in the coastal area of the Southern Black Sea (Sinop Peninsula, Turkey). Crustaceana. Available at: https://www.researchgate.net/publication/233518403_The_Brachyura_Decapoda_community_of_Zostera_marina_meadows_in_the_coastal_area_of_the_southern_Black_Sea_Sinop_Peninsula_Turkey",Turkey,"The Brachyura (Decapoda) community of Zostera marina meadows in the coastal area of the Southern Black Sea (Sinop Peninsula, Turkey)","Bilgin, S.","Suat Ates, A.",2007,Crustaceana,https://www.researchgate.net/publication/233518403_The_Brachyura_Decapoda_community_of_Zostera_marina_meadows_in_the_coastal_area_of_the_southern_Black_Sea_Sinop_Peninsula_Turkey
89,"Schanz, A. and Polte, P. (2002). Cascading effects of hydrodynamics on an epiphyte-grazer system in intertidal seagrass beds of the Wadden Sea. Marine Biology. Available at: https://link.springer.com/content/pdf/10.1007/s00227-002-0823-8.pdf","Germany, Denmark",Cascading effects of hydrodynamics on an epiphyte-grazer system in intertidal seagrass beds of the Wadden Sea,"Schanz, A.","Polte, P.",2002,Marine Biology,https://link.springer.com/content/pdf/10.1007/s00227-002-0823-8.pdf
90,International Union for Conservation of Nature (IUCN) (2019). The IUCN Red List of Threatened Species. IUCN. Available at: http://www.iucnredlist.org,Global,The IUCN Red List of Threatened Species,International Union for Conservation of Nature (IUCN),,2019,IUCN,http://www.iucnredlist.org
91,"Adam, P. (2002). Saltmarshes in a time of change. Environmental Conservation.",Global,Saltmarshes in a time of change,"Adam, P.",,2002,Environmental Conservation,
92,"Aanchez, J.M. and Izco, J. (1996). Relationships between vegetation zonation and altitude in a salt-marsh system in northwest Spain. Journal of Vegetation Science.",Spain,Relationships between vegetation zonation and altitude in a salt-marsh system in northwest Spain,"Aanchez, J.M.","Izco, J.",1996,Journal of Vegetation Science,
93,"Sobowale, A. and Oyedepo, J. A. (2013). Status of flood vulnerability area in an ungauged basin, southwest Nigeria. International Journal of Agriculture and Biological Engineering.",Nigeria,"Status of flood vulnerability area in an ungauged basin, southwest Nigeria","Sobowale, A.","Oyedepo, J. A.",2013,International Journal of Agriculture and Biological Engineering,
94,"Simas, T. and Nunes, J. P. (2001). Effects of global climate change on coastal salt marshes. Ecological Modelling.",South-West Atlantic,Effects of global climate change on coastal salt marshes,"Simas, T.","Nunes, J. P.",2001,Ecological Modelling,
95,"Pennings, S.C. and Callaway, R. M. (1996). Impact of a parasitic plant on the structure and dynamics of salt marsh vegetation. Ecology.",USA,Impact of a parasitic plant on the structure and dynamics of salt marsh vegetation,"Pennings, S.C.","Callaway, R. M.",1996,Ecology,
96,"Young, D.R. and Erickson, D. L. (1994). Salinity and the small-wcale distribution of three barrier island shrubs. NRC Research Press.",USA,Salinity and the small-wcale distribution of three barrier island shrubs,"Young, D.R.","Erickson, D. L.",1994,NRC Research Press,
97,"Rasser, M.K. and Fowler, N. L. (2013). Elevation and Plant Community Distribution in a Microtidal Salt Marsh of the Western Gulf of Mexico. Wetlands, August 2013.",USA,Elevation and Plant Community Distribution in a Microtidal Salt Marsh of the Western Gulf of Mexico,"Rasser, M.K.","Fowler, N. L.",2013,"Wetlands, August 2013",
98,"Tamis, J.E. and Foekema, E. M. (2016). Blue carbon in the Dutch Caribbean. Wageningen UR.",Dutch Caribbean,Blue carbon in the Dutch Caribbean,"Tamis, J.E.","Foekema, E. M.",2016,Wageningen UR,
99,"Azeria, E. T. (2004). Terrestrial bird community patterns on the coralline islands of the Dahlak Archipelago, Red Sea, Eritrea. Global Ecology and Biogeography.",Eritrea,"Terrestrial bird community patterns on the coralline islands of the Dahlak Archipelago, Red Sea, Eritrea","Azeria, E. T.",,2004,Global Ecology and Biogeography,
100,"Okyere, I. et al. (2011). Composition, Diversity and Food Habits of the Fish Community of a Coastal Wetland in Ghana. Journal of Environment and Ecology.",Ghana,"Composition, Diversity and Food Habits of the Fish Community of a Coastal Wetland in Ghana","Okyere, I.",et al.,2011,Journal of Environment and Ecology,
101,"Friess, D.A. et al. (2011). Are all intertidal wetlands naturally created equal? Bottlenecks, thresholds and knowledge gaps to mangrove and saltmarsh ecosystems. Biological Reviews.",Global,"Are all intertidal wetlands naturally created equal? Bottlenecks, thresholds and knowledge gaps to mangrove and saltmarsh ecosystems","Friess, D.A.",et al.,2011,Biological Reviews,
102,"Saintilan, N. et al. (2014). Mangrove expansion and salt marsh decline at mangrove poleward limits. University of Wollongong, Australia Research Online.",Global,Mangrove expansion and salt marsh decline at mangrove poleward limits,"Saintilan, N.",et al.,2014,"University of Wollongong, Australia Research Online",
103,"Patru, S. et al. (2017). Seagrass and Salt Marsh Ecosystems in South Asia: An overview of diversity, distribution, threats and conservation status. Wetland Science.",South Asia,"Seagrass and Salt Marsh Ecosystems in South Asia: An overview of diversity, distribution, threats and conservation status","Patru, S.",et al.,2017,Wetland Science,
104,"Mold, R.J. (2014). Ecology of Halophytes. Elsevier Science.",Global,Ecology of Halophytes,"Mold, R.J.",,2014,Elsevier Science,
105,"Guilcher, A. (2010). Togo and Benin. Encyclopedia of the World's Coastal Landforms.",Togo & Benin,Togo and Benin,"Guilcher, A.",,2010,Encyclopedia of the World's Coastal Landforms,
106,"Bird, E. C. F. (2003). The World's Coast: Online. Springer.",Global,The World's Coast: Online,"Bird, E. C. F.",,2003,Springer,
107,"Goetghebuer, M. (1945). The Scaptopsidae of Belgium (Diptera). Biologisch Jaarboeak (Dodonaea).",Belgium,The Scaptopsidae of Belgium (Diptera),"Goetghebuer, M.",,1945,Biologisch Jaarboeak (Dodonaea),
108,"Abdel-Razik, M.S. and Ismail, A. M. A. (1990). Vegetation composition of a maritime salt marsh in Qatar in relation to edaphic features. Journal of Vegetation Science.",Qatar,Vegetation composition of a maritime salt marsh in Qatar in relation to edaphic features,"Abdel-Razik, M.S.","Ismail, A. M. A.",1990,Journal of Vegetation Science,
109,"Volk, R. D. (1993). American Samoa. Scott, D. A. (ed.), A Directory of Wetlands in Oceania. IWRB, Slimbridge, UK and AWK, Kuala Lumpur, Malaysia.",American Samoa,American Samoa,"Volk, R. D.",,1993,"Scott, D. A. (ed.), A Directory of Wetlands in Oceania. IWRB, Slimbridge, UK and AWK, Kuala Lumpur, Malaysia",
110,"Duarte, M.C. et al. (2007). Plant species richness in the Cape Verde Islands - ecogeographical determinants. Biodiversity and Conservation.",Cabo Verde,Plant species richness in the Cape Verde Islands - ecogeographical determinants,"Duarte, M.C.",et al.,2007,Biodiversity and Conservation,
111,"Australian Government, Director of National Parks (2015). Pulu Keeling National Park. Director of National Parks.",Coco (Keeling) Island,Pulu Keeling National Park,"Australian Government, Director of National Parks",,2015,Director of National Parks,
112,"Taylor, M. and Pelembe, T. (2016). European Overseas Regional Profile: South Atlantic. EU Outermost Regions and Overseas Countries and Territories. BEST.",South Atlantic,European Overseas Regional Profile: South Atlantic,"Taylor, M.","Pelembe, T.",2016,EU Outermost Regions and Overseas Countries and Territories. BEST,
113,United States Department of the Navy (2009). Mariana Islands Range Complex: Environmental Impact Statement. U.S. Department of the Navy.,Mariana Islands,Mariana Islands Range Complex: Environmental Impact Statement,United States Department of the Navy,,2009,U.S. Department of the Navy,
114,"Spalding, M. and Kainuma, M. (2010). World Atlas of Mangroves. Earthscan, UK, USA.",Global,World Atlas of Mangroves,"Spalding, M.","Kainuma, M.",2010,"Earthscan, UK, USA",
115,"Giri, C. et al. (2010). Status and global distribution of mangrove forests of the world using earth observation satellite data. Gloal Ecology and Biogeography. Available at: https://onlinelibrary.wiley.com/doi/full/10.1111/j.1466-8238.2010.00584.x?casa_token=9uCiUKWDWgAAAAAA:1kpoPhwBkY5cIKbgjl-07jdflEEVmjzP45pmwoDiHL0bLYroFxHERaIj931ruv03-PlT_UVC6jOHjn69",Global,Status and global distribution of mangrove forests of the world using earth observation satellite data,"Giri, C.",et al.,2010,Gloal Ecology and Biogeography,https://onlinelibrary.wiley.com/doi/full/10.1111/j.1466-8238.2010.00584.x?casa_token=9uCiUKWDWgAAAAAA:1kpoPhwBkY5cIKbgjl-07jdflEEVmjzP45pmwoDiHL0bLYroFxHERaIj931ruv03-PlT_UVC6jOHjn69
116,"Stuart, S.A. et al. (2007). The role of freezing in setting the latitudinal limits of mangrove forests. New Phytologist. Available at: https://nph.onlinelibrary.wiley.com/doi/epdf/10.1111/j.1469-8137.2006.01938.x",Global,The role of freezing in setting the latitudinal limits of mangrove forests,"Stuart, S.A.",et al.,2007,New Phytologist,https://nph.onlinelibrary.wiley.com/doi/epdf/10.1111/j.1469-8137.2006.01938.x
117,WoRMS Editorial Board (2019). World Register of Marine Species. WoRMS. Available at: http://marinespecies.org/,Global,World Register of Marine Species,WoRMS Editorial Board,,2019,WoRMS,http://marinespecies.org/
118,"Soares, M.L.G. et al. (2012). Southern limit of the Western South atlantic mangroves: Assessment of the potential effects of global warming from a biogeographical perspective. Estuarine, Coastal and Shelf Science. Available at: https://www.sciencedirect.com/science/article/pii/S0272771412000558",Western South Atlantic,Southern limit of the Western South atlantic mangroves: Assessment of the potential effects of global warming from a biogeographical perspective,"Soares, M.L.G.",et al.,2012,"Estuarine, Coastal and Shelf Science",https://www.sciencedirect.com/science/article/pii/S0272771412000558
119,"Hyde, K.D. (1990). A study of the vertical zonation of intertidal fungi on Rhiziphora apiculata at Kampong Kapok mangrove, Brunei. Aquatic Botany. Available at: https://www.sciencedirect.com/science/article/pii/030437709090039N",Brunei,"A study of the vertical zonation of intertidal fungi on Rhiziphora apiculata at Kampong Kapok mangrove, Brunei","Hyde, K.D.",,1990,Aquatic Botany,https://www.sciencedirect.com/science/article/pii/030437709090039N
120,"Rutzler, K. and Feller, C. (1988). Mangrove Swamp Communities. Oceanus. Available at: https://repository.si.edu/bitstream/handle/10088/7880/iz_Ruetzler_Feller_1988.pdf",South America,Mangrove Swamp Communities,"Rutzler, K.","Feller, C.",1988,Oceanus,https://repository.si.edu/bitstream/handle/10088/7880/iz_Ruetzler_Feller_1988.pdf
121,"Jia, M. et al. (2014). Mapping the distribution of mangrove species in the Core Zone of Mai Po Marshes Nature Reserve, Hong Kong, using hyperspectral data and high-resolution data. International Journal of Applied Earth Observation and Geoinformation. Available at: https://www.sciencedirect.com/science/article/pii/S0303243414001391",Hong Kong,"Mapping the distribution of mangrove species in the Core Zone of Mai Po Marshes Nature Reserve, Hong Kong, using hyperspectral data and high-resolution data","Jia, M.",et al.,2014,International Journal of Applied Earth Observation and Geoinformation,https://www.sciencedirect.com/science/article/pii/S0303243414001391
122,"Kingston, N. and Waldren, S. (2003). The Plant Communities and Environmental Gradients of Pitcairn Island: The Significance of Invasive Species and the Need for Conservation Management. Annals of Botany. Available at: https://academic.oup.com/aob/article/92/1/31/177638",Pitcairn Islands,The Plant Communities and Environmental Gradients of Pitcairn Island: The Significance of Invasive Species and the Need for Conservation Management,"Kingston, N.","Waldren, S.",2003,Annals of Botany,https://academic.oup.com/aob/article/92/1/31/177638
123,"Woodroffe, C.D. (1987). Pacific Island Mangroves: Distribution and Environmental Settings. Pacific Science. Available at: https://pdfs.semanticscholar.org/73c9/569c1a9579f310a3a5f87688236f9cbc8f18.pdf",Pacific Islands,Pacific Island Mangroves: Distribution and Environmental Settings,"Woodroffe, C.D.",,1987,Pacific Science,https://pdfs.semanticscholar.org/73c9/569c1a9579f310a3a5f87688236f9cbc8f18.pdf
124,"Primavera, J.H. et al. (2019). Chapter 1: The Mangrove Ecosystem. World Seas: an Environmental Evaluation (Second Edition). Available at: https://www.sciencedirect.com/science/article/pii/B9780128050521000012",Global,Chapter 1: The Mangrove Ecosystem,"Primavera, J.H.",et al.,2019,World Seas: an Environmental Evaluation (Second Edition),https://www.sciencedirect.com/science/article/pii/B9780128050521000012
125,"Otero, V. et al. (2016). Mangroves at their limits: detection and area estimation of mangroves along the Sahara Destert Coast. Remote Sensing. Available at: https://www.researchgate.net/publication/304186683_Mangroves_at_Their_Limits_Detection_and_Area_Estimation_of_Mangroves_along_the_Sahara_Desert_Coast",West Africa,Mangroves at their limits: detection and area estimation of mangroves along the Sahara Destert Coast,"Otero, V.",et al.,2016,Remote Sensing,https://www.researchgate.net/publication/304186683_Mangroves_at_Their_Limits_Detection_and_Area_Estimation_of_Mangroves_along_the_Sahara_Desert_Coast
126,"Saneger, P. and Bellan, M. F. (1995). The mangrove vegetation of the Atlantic Coast of Africa: A Review. Universite de Toulouse, France. Available at: https://epubs.scu.edu.au/cgi/viewcontent.cgi?referer=https://scholar.google.co.uk/&httpsredir=1&article=1670&context=esm_pubs",West Africa,The mangrove vegetation of the Atlantic Coast of Africa: A Review,"Saneger, P.","Bellan, M. F.",1995,"Universite de Toulouse, France",https://epubs.scu.edu.au/cgi/viewcontent.cgi?referer=https://scholar.google.co.uk/&httpsredir=1&article=1670&context=esm_pubs
127,"Forestry Department, Food and Agriculture Organisation (2010). Global Forest Resources Assessment 2010 - Country Report Saint Helena. FRA2010/176. Available at: http://www.fao.org/3/al611E/al611E.pdf","St. Helena, Ascencion, Tristan da Cunha",Global Forest Resources Assessment 2010 - Country Report Saint Helena,"Forestry Department, Food and Agriculture Organisation",,2010,FRA2010/176,http://www.fao.org/3/al611E/al611E.pdf
128,United Nations Environment Programme (UNEP) (2006). Pacific Island Mangroves in a Changing Climate and Rising Sea. UNEP Regional Seas Reports and Studies No. 179. Available at: https://wedocs.unep.org/bitstream/handle/20.500.11822/11812/rsrs179.pdf?sequence=1,Pacific Islands,Pacific Island Mangroves in a Changing Climate and Rising Sea,United Nations Environment Programme (UNEP),,2006,UNEP Regional Seas Reports and Studies No. 179,https://wedocs.unep.org/bitstream/handle/20.500.11822/11812/rsrs179.pdf?sequence=1
129,"Ellison, A.M. and Farnsworth, E. J. (1996). Anthropogenic Disturbance of Caribbean mangrove ecosystems: Past impacts, present trends, and future predictions. Biotropica. Available at: https://www.jstor.org/stable/pdf/2389096.pdf?casa_token=XoBWi3WaapYAAAAA:bIBlEZWEAq518U8lxH8LHuEgruXVdO25LbXUO7AjMAV9CTHBrBrajiOyNYcErkbWX0q1dm-tZpw04fJ10PP3wg91LQyElb2fnsm0wVu5uz7VI4BRY1Er",Caribbean,"Anthropogenic Disturbance of Caribbean mangrove ecosystems: Past impacts, present trends, and future predictions","Ellison, A.M.","Farnsworth, E. J.",1996,Biotropica,https://www.jstor.org/stable/pdf/2389096.pdf?casa_token=XoBWi3WaapYAAAAA:bIBlEZWEAq518U8lxH8LHuEgruXVdO25LbXUO7AjMAV9CTHBrBrajiOyNYcErkbWX0q1dm-tZpw04fJ10PP3wg91LQyElb2fnsm0wVu5uz7VI4BRY1Er
130,"Veron, J. and Stafford-Smith, M. (2000). Corals of the World. Australian Institute of Marine Science.",Global,Corals of the World,"Veron, J.","Stafford-Smith, M.",2000,Australian Institute of Marine Science,
131,"Amir, A.A. and Duke, N. C. (2019). Distinct characteristics of canopy gaps in the subtropical mangroves of Moreton Bay, Australia. Estuarine, Coastal and Shelf Science. Available at: https://www.sciencedirect.com/science/article/pii/S0272771418301343",Australia,"Distinct characteristics of canopy gaps in the subtropical mangroves of Moreton Bay, Australia","Amir, A.A.","Duke, N. C.",2019,"Estuarine, Coastal and Shelf Science",https://www.sciencedirect.com/science/article/pii/S0272771418301343
132,Lacerda et al. (2017). Mangrove Ecosystems of Latin American and the Caribbean: a Summary. UNEP. Available at: http://wedocs.unep.org/bitstream/handle/20.500.11822/19955/Mangrove_ecosystems_of_Latin_America_and_the_C.pdf?sequence=1&isAllowed=y,Caribbean,Mangrove Ecosystems of Latin American and the Caribbean: a Summary,Lacerda,et al.,2017,UNEP,http://wedocs.unep.org/bitstream/handle/20.500.11822/19955/Mangrove_ecosystems_of_Latin_America_and_the_C.pdf?sequence=1&isAllowed=y
133,"Aung, T.T. et al. (2013). Prediction of recovery pathways of cyclone-disturbed mangroves in the mega delta of Myanmar. Froest ecology and management. Available at: https://www.sciencedirect.com/science/article/pii/S0378112712007657",Myanmar,Prediction of recovery pathways of cyclone-disturbed mangroves in the mega delta of Myanmar,"Aung, T.T.",et al.,2013,Froest ecology and management,https://www.sciencedirect.com/science/article/pii/S0378112712007657
134,"Tran, P. et al. (2017). Biomass and nutrient composition of temperate mangroves (Avicennia marina var australasica) in New Zealand. New Zealand Journal, Taylor & Francis. Available at: https://www.tandfonline.com/doi/abs/10.1080/00288330.2016.1260604",New Zealand,Biomass and nutrient composition of temperate mangroves (Avicennia marina var australasica) in New Zealand,"Tran, P.",et al.,2017,"New Zealand Journal, Taylor & Francis",https://www.tandfonline.com/doi/abs/10.1080/00288330.2016.1260604
135,"Long, J. et al. (2016). Damage and recovery assessment of the Philippines' mangroves following Super Typhoon Haiyan. Marine pollution bulletin. Available at: https://www.sciencedirect.com/science/article/pii/S0025326X16304842",Philippines,Damage and recovery assessment of the Philippines' mangroves following Super Typhoon Haiyan,"Long, J.",et al.,2016,Marine pollution bulletin,https://www.sciencedirect.com/science/article/pii/S0025326X16304842
136,"Lipset, D. (2017). Masculinity and the culture of rising sea-levels in a mangrove lagoon in Papua New Guinea. Maritime studies. Available at: https://link.springer.com/article/10.1186/s40152-017-0057-5",Papua New Guinea,Masculinity and the culture of rising sea-levels in a mangrove lagoon in Papua New Guinea,"Lipset, D.",,2017,Maritime studies,https://link.springer.com/article/10.1186/s40152-017-0057-5
137,"Tang, W. et al. (2016). The assessment of mangrove biomass and carbon in West Africa: a spatially explicit analytical framework. Wetlands Ecological Management. Available at: https://link.springer.com/content/pdf/10.1007%2Fs11273-015-9474-7.pdf",West Africa,The assessment of mangrove biomass and carbon in West Africa: a spatially explicit analytical framework,"Tang, W.",et al.,2016,Wetlands Ecological Management,https://link.springer.com/content/pdf/10.1007%2Fs11273-015-9474-7.pdf
138,"Nehemia, A. and Ngendu, Y. (2019). Genetic population structure of the mangrove snails Littoraria subvittata and L. pallescens in the Western Indian Ocean. Journal of Experimental Marine Biology and Ecology. Available at: https://www.sciencedirect.com/science/article/pii/S0022098118304441",Western Indian Ocean,Genetic population structure of the mangrove snails Littoraria subvittata and L. pallescens in the Western Indian Ocean,"Nehemia, A.","Ngendu, Y.",2019,Journal of Experimental Marine Biology and Ecology,https://www.sciencedirect.com/science/article/pii/S0022098118304441
139,"Richards, D.R. and Friess, D. A. (2015). Rates and drivers of mangrove deforestation in Southeast Asia, 2000 - 2012. PNAS. Available at: https://www.pnas.org/content/pnas/113/2/344.full.pdf",Southeast Asia,"Rates and drivers of mangrove deforestation in Southeast Asia, 2000 - 2012","Richards, D.R.","Friess, D. A.",2015,PNAS,https://www.pnas.org/content/pnas/113/2/344.full.pdf
140,"Freiwald, A. and Fossa, J. H. (2004). Cold-water coral reefs: Out of sight - no longer out of mind. UNEP-WCMC.",Global,Cold-water coral reefs: Out of sight - no longer out of mind,"Freiwald, A.","Fossa, J. H.",2004,UNEP-WCMC,
141,"Roberts, J.M. and Cairns, S. D. (2014). Cold-water corals in a changing ocean. Current Opinion in Environmental Sustainability. Available at: https://www.sciencedirect.com/science/article/abs/pii/S1877343514000050",Global,Cold-water corals in a changing ocean,"Roberts, J.M.","Cairns, S. D.",2014,Current Opinion in Environmental Sustainability,https://www.sciencedirect.com/science/article/abs/pii/S1877343514000050
142,"Roberts, J.M. and Wheeler, A. J. (2006). Cold-water corals: The Biology and Geology of Deep-Sea Coral Habitats. Science. Available at: https://www.researchgate.net/publication/287314060_Cold_Water_Corals_The_Biology_and_Geology_of_Deep-Sea_Coral_Habitats",Global,Cold-water corals: The Biology and Geology of Deep-Sea Coral Habitats,"Roberts, J.M.","Wheeler, A. J.",2006,Science,https://www.researchgate.net/publication/287314060_Cold_Water_Corals_The_Biology_and_Geology_of_Deep-Sea_Coral_Habitats
143,"Mortensen, P.B. and Buhl-Mortesen, L. (2006). Distribution of deep-water corals in Atlantic Canada. Proceedings of 10th International Coral Reef Symposium 1832 - 1848. Available at: https://www.researchgate.net/profile/Lene_Buhl-Mortensen/publication/284723419_Distribution_of_deep-water_corals_in_Atlantic_Canada/links/565792f408aeafc2aac10c51/Distribution-of-deep-water-corals-in-Atlantic-Canada.pdf",Canada,Distribution of deep-water corals in Atlantic Canada,"Mortensen, P.B.","Buhl-Mortesen, L.",2006,Proceedings of 10th International Coral Reef Symposium 1832 - 1848,https://www.researchgate.net/profile/Lene_Buhl-Mortensen/publication/284723419_Distribution_of_deep-water_corals_in_Atlantic_Canada/links/565792f408aeafc2aac10c51/Distribution-of-deep-water-corals-in-Atlantic-Canada.pdf
145,"Frederiksen, R. and Jensen, A. (2011). The distribution of the scleractinian coral Lophelia pertusa around the Faroe islands and the relation to internal tidal mixing. Sarsia, V. 77, Issue 2. Available at: https://www.tandfonline.com/doi/abs/10.1080/00364827.1992.10413502",Faroe Island,The distribution of the scleractinian coral Lophelia pertusa around the Faroe islands and the relation to internal tidal mixing,"Frederiksen, R.","Jensen, A.",2011,"Sarsia, V. 77, Issue 2",https://www.tandfonline.com/doi/abs/10.1080/00364827.1992.10413502
146,"Le Guilloux, E. and Olu, K. (2009). First observations of deep-sea coral reefs along the Angola margin. Deep Sea Research Part II: Tropical Studies in Oceanography. Available at: http://citeseerx.ist.psu.edu/viewdoc/download?doi=10.1.1.607.8093&rep=rep1&type=pdf",Angola margin,First observations of deep-sea coral reefs along the Angola margin,"Le Guilloux, E.","Olu, K.",2009,Deep Sea Research Part II: Tropical Studies in Oceanography,http://citeseerx.ist.psu.edu/viewdoc/download?doi=10.1.1.607.8093&rep=rep1&type=pdf
147,"Jorgensen, O.A. and Tendal, O. S. (2013). Preliminary mapping of the distribution of corals observed off West Greenland as inferred from bottom trawl surveys 2010 - 2012. Northwest Atlantic Fisheries Organization, Scientific Council Meeting. Available at: https://orbit.dtu.dk/files/123045670/Publishers_version.pdf",Greenland,Preliminary mapping of the distribution of corals observed off West Greenland as inferred from bottom trawl surveys 2010 - 2012,"Jorgensen, O.A.","Tendal, O. S.",2013,"Northwest Atlantic Fisheries Organization, Scientific Council Meeting",https://orbit.dtu.dk/files/123045670/Publishers_version.pdf
148,OSPAR Commission (2008). Case reports of the OSPAR List of threatened and/or declining species and habitats. OSPAR. Available at: https://www.ospar.org/site/assets/files/1892/lophelia_pertusa_reefs.pdf,OSPAR Region,Case reports of the OSPAR List of threatened and/or declining species and habitats,OSPAR Commission,,2008,OSPAR,https://www.ospar.org/site/assets/files/1892/lophelia_pertusa_reefs.pdf
149,"Imbs, A.B. and Dang, L. T. P. (2017). The molecular species of Phspholipids of the cold-water soft coral Gersemia rubiformis (Ehrenberg, 1834). Russian Journal of Marine Biology. Available at: https://link.springer.com/content/pdf/10.1134/S1063074017030051.pdf",Russia,"The molecular species of Phspholipids of the cold-water soft coral Gersemia rubiformis (Ehrenberg, 1834)","Imbs, A.B.","Dang, L. T. P.",2017,Russian Journal of Marine Biology,https://link.springer.com/content/pdf/10.1134/S1063074017030051.pdf
150,"Lutz, S.J. and Ginsburg, R. N. (2003). State of deep coral ecosystems in the Caribbean Region: Puerto Rico and the US Virgin Islands. NOAA. Available at: https://www.coris.noaa.gov/activities/deepcoral_rpt/Chapter8_Caribbean.pdf",Caribbean,State of deep coral ecosystems in the Caribbean Region: Puerto Rico and the US Virgin Islands,"Lutz, S.J.","Ginsburg, R. N.",2003,NOAA,https://www.coris.noaa.gov/activities/deepcoral_rpt/Chapter8_Caribbean.pdf
151,"Miller, K.K. and Williams, A. (2010). Conflicting estimates of connectivity among deep-sea coral populations. Marine Ecology. Available at: https://onlinelibrary.wiley.com/doi/pdf/10.1111/j.1439-0485.2010.00380.x?casa_token=AVATAQXEqcsAAAAA:cbU4rZPsJpaUiU9tHZHaIGGPTXEhx4DODugupRKX3JknJbpx57IeisJYAAsd6rdkwchcVktLGOThhmbj",Oceania,Conflicting estimates of connectivity among deep-sea coral populations,"Miller, K.K.","Williams, A.",2010,Marine Ecology,https://onlinelibrary.wiley.com/doi/pdf/10.1111/j.1439-0485.2010.00380.x?casa_token=AVATAQXEqcsAAAAA:cbU4rZPsJpaUiU9tHZHaIGGPTXEhx4DODugupRKX3JknJbpx57IeisJYAAsd6rdkwchcVktLGOThhmbj
152,"Qurban, M.A. and Krishnakumar, P. K. (2014). In-situ observation of deep water corals in the northern Red Sea waters of Saudi Arabia. Deep Sea Research I. Available at: https://repository.si.edu/bitstream/handle/10088/22597/iz_Deep_Water_Coral_2014.pdf?sequence=1&isAllowed=y",Saudi Arabia,In-situ observation of deep water corals in the northern Red Sea waters of Saudi Arabia,"Qurban, M.A.","Krishnakumar, P. K.",2014,Deep Sea Research I,https://repository.si.edu/bitstream/handle/10088/22597/iz_Deep_Water_Coral_2014.pdf?sequence=1&isAllowed=y
153,"Cordes, E. and Arnaud-Haond, S. (2016). Chapter 42: Cold-water corals. United Nations. Available at: https://www.un.org/Depts/los/global_reporting/WOA_RPROC/Chapter_42.pdf",Global,Chapter 42: Cold-water corals,"Cordes, E.","Arnaud-Haond, S.",2016,United Nations,https://www.un.org/Depts/los/global_reporting/WOA_RPROC/Chapter_42.pdf
154,"Haussermann, V. and Forsterra, G. (2007). Large assemblages of cold-water corals in Chile: a summary of recent findings and potential impacts. George, R. Y. and S. D. Cairns, eds. 2007. Conservation and adaptive 195 management of seamount and deep-sea coral ecosystems. Rosenstiel School of Marine and Atmospheric Science, University of Miami.. Available at: https://www.ingentaconnect.com/contentone/umrsmas/bullmar/2007/00000081/a00103s1/art00018?crawler=true&casa_token=vepkYQiSQF0AAAAA:X7IqHUJ6fnC6TFNEk3GZaH9uV38XV5ZuFNmXeTjrUcChRPiuj7u9Xn5Lp9sukpJ33FKPME_Dq1AE0J0c",Chile,Large assemblages of cold-water corals in Chile: a summary of recent findings and potential impacts,"Haussermann, V.","Forsterra, G.",2007,"George, R. Y. and S. D. Cairns, eds. 2007. Conservation and adaptive 195 management of seamount and deep-sea coral ecosystems. Rosenstiel School of Marine and Atmospheric Science, University of Miami.",https://www.ingentaconnect.com/contentone/umrsmas/bullmar/2007/00000081/a00103s1/art00018?crawler=true&casa_token=vepkYQiSQF0AAAAA:X7IqHUJ6fnC6TFNEk3GZaH9uV38XV5ZuFNmXeTjrUcChRPiuj7u9Xn5Lp9sukpJ33FKPME_Dq1AE0J0c
155,"Cairns, S.D. (1977). Memoirs of the Hourglass Cruises. Marine Research Laboratory Florida Department of Natural Resources. Available at: https://repository.si.edu/bitstream/handle/10088/7219/IZ_1977_Cairns_Hourglass.pdf",Caribbean,Memoirs of the Hourglass Cruises,"Cairns, S.D.",,1977,Marine Research Laboratory Florida Department of Natural Resources,https://repository.si.edu/bitstream/handle/10088/7219/IZ_1977_Cairns_Hourglass.pdf
156,"Etnoyer, P.J. et al. (2015). Exploration and Mapping of the deep Mesoamerican Reef. Oceanography. Available at: https://www.researchgate.net/profile/Michael_Brennan7/publication/274072842_Exploration_and_Mapping_of_the_Deep_Mesoamerican_Reef/links/55144f050cf2eda0df30bc86.pdf",Mesoamerican Reef,Exploration and Mapping of the deep Mesoamerican Reef,"Etnoyer, P.J.",et al.,2015,Oceanography,https://www.researchgate.net/profile/Michael_Brennan7/publication/274072842_Exploration_and_Mapping_of_the_Deep_Mesoamerican_Reef/links/55144f050cf2eda0df30bc86.pdf
157,"Cordeiro, R. T. S. and Castro, C. B. (2015). Deep-water octocorals (Cnidaria: Octocorallia) from Brazil: Family Chrysogorgiidae Verrill, 1883. Zootaxa. Available at: https://www.researchgate.net/profile/Carlos_Perez67/publication/286920358_Deep-water_octocorals_Cnidaria_Octocorallia_from_Brazil_Family_Chrysogorgiidae_Verrill_1883/links/56701b0408aececfd5530dd6/Deep-water-octocorals-Cnidaria-Octocorallia-from-Brazil-Family-Chrysogorgiidae-Verrill-1883.pdf",Brazil,"Deep-water octocorals (Cnidaria: Octocorallia) from Brazil: Family Chrysogorgiidae Verrill, 1883","Cordeiro, R. T. S.","Castro, C. B.",2015,Zootaxa,https://www.researchgate.net/profile/Carlos_Perez67/publication/286920358_Deep-water_octocorals_Cnidaria_Octocorallia_from_Brazil_Family_Chrysogorgiidae_Verrill_1883/links/56701b0408aececfd5530dd6/Deep-water-octocorals-Cnidaria-Octocorallia-from-Brazil-Family-Chrysogorgiidae-Verrill-1883.pdf
158,"Montagna, P. et al. (2005). High-resolution trace and minor element compositions in deep-water scleratctinian corals (Desmophyllum dianthus) from the Mediterranean Sea and the Great Australian Bight. Cold-water corals and ecosystems. Available at: https://www.researchgate.net/profile/Marco_Taviani/publication/227048932_High-resolution_trace_and_minor_element_compositions_in_deep-water_scleractinian_corals_Desmophyllum_dianthus_from_the_Mediterranean_Sea_and_the_Great_Australian_Bight/links/0912f4ffacaef5bc0d000000.pdf",Italy,High-resolution trace and minor element compositions in deep-water scleratctinian corals (Desmophyllum dianthus) from the Mediterranean Sea and the Great Australian Bight,"Montagna, P.",et al.,2005,Cold-water corals and ecosystems,https://www.researchgate.net/profile/Marco_Taviani/publication/227048932_High-resolution_trace_and_minor_element_compositions_in_deep-water_scleractinian_corals_Desmophyllum_dianthus_from_the_Mediterranean_Sea_and_the_Great_Australian_Bight/links/0912f4ffacaef5bc0d000000.pdf
159,"Hall-Spencer, J. et al. (2007). Deep-sea coral distribution on seamounts, oceanic islands, and continental slopes in the Northeast Atlantic. Conservation and adaptive management of seamount and deep-sea coral ecosystems. Rosenstiel School of Marine and Atmospheric Science, University of Miami. Available at: https://www.ingentaconnect.com/content/umrsmas/bullmar/2007/00000081/a00103s1/art00013?crawler=true",North-East Atlantic - potentially a lot of data!!!,"Deep-sea coral distribution on seamounts, oceanic islands, and continental slopes in the Northeast Atlantic","Hall-Spencer, J.",et al.,2007,"Conservation and adaptive management of seamount and deep-sea coral ecosystems. Rosenstiel School of Marine and Atmospheric Science, University of Miami",https://www.ingentaconnect.com/content/umrsmas/bullmar/2007/00000081/a00103s1/art00013?crawler=true
160,"Hoeksema, B.W. (2012). Forever in the dark: the cave-dwelling azooxanthellate reef coral Leptoseris troglodyta sp. N. (Scleractinia, Agariciidae). Zookeys. Available at: https://www.ncbi.nlm.nih.gov/pmc/articles/PMC3487639/",Pacific,"Forever in the dark: the cave-dwelling azooxanthellate reef coral Leptoseris troglodyta sp. N. (Scleractinia, Agariciidae)","Hoeksema, B.W.",,2012,Zookeys,https://www.ncbi.nlm.nih.gov/pmc/articles/PMC3487639/
161,"UNEP-WCMC, WorldFish Centre, WRI, TNC (2018). Global distribution of warm-water coral reefs, compiled from multiple sources including the Millennium Coral Reef Mapping Project. Version 4.0. Includes contributions from IMaRS-USF and IRD (2005), IMaRS-USF (2005) and Spalding et al. (2001). Cambridge (UK): UN Environment World Conservation Monitoring Centre. URL: http://data.unep-wcmc.org/datasets/1",Global,"Global distribution of warm-water coral reefs, compiled from multiple sources including the Millennium Coral Reef Mapping Project. Version 4.0. Includes contributions from IMaRS-USF and IRD (2005), IMaRS-USF (2005) and Spalding et al. (2001)",UNEP-WCMC,WorldFish Centre,2018,UN Environment World Conservation Monitoring Centre,http://data.unep-wcmc.org/datasets/1
162,"Freiwald A, Rogers A, Hall-Spencer J, Guinotte JM, Davies AJ, Yesson C, Martin CS, Weatherdon LV (2017). Global distribution of cold-water corals (version 5.0). Fifth update to the dataset in Freiwald et al. (2004) by UNEP-WCMC, in collaboration with Andre Freiwald and John Guinotte. Cambridge (UK): UN Environment World Conservation Monitoring Centre. URL: http://data.unep-wcmc.org/datasets/3",Global,"Global distribution of cold-water corals (version 5.0). Fifth update to the dataset in Freiwald et al. (2004) by UNEP-WCMC, in collaboration with Andre Freiwald and John Guinotte","Freiwald, A.",et al.,2017,UN Environment World Conservation Monitoring Centre,http://data.unep-wcmc.org/datasets/3
163,"Mcowen C, Weatherdon LV, Bochove J, Sullivan E, Blyth S, Zockler C, Stanwell-Smith D, Kingston N, Martin CS, Spalding M, Fletcher S (2017). A global map of saltmarshes. Biodiversity Data Journal 5: e11764. Paper DOI: https://doi.org/10.3897/BDJ.5.e11764; Data URL: http://data.unep-wcmc.org/datasets/43 (v.6)",Global, A global map of saltmarshes,"Mcowen, C.",et al.,2017,Biodiversity Data Journal,http://data.unep-wcmc.org/datasets/43
164,"Bunting P., Rosenqvist A., Lucas R., Rebelo L-M., Hilarides L., Thomas N., Hardy A., Itoh T., Shimada M. and Finlayson C.M. (2018). The Global Mangrove Watch – a New 2010 Global Baseline of Mangrove Extent. Remote Sensing 10(10): 1669. doi: 10.3390/rs1010669.",Global,The Global Mangrove Watch – a New 2010 Global Baseline of Mangrove Extent,"Bunting, P.",et al.,2018,Remote Sensing,https://data.unep-wcmc.org/datasets/45
